﻿{
   "CodeGenerationMode": 2,
   "ContextClassName": "projectContext",
   "ContextNamespace": null,
   "DefaultDacpacSchema": null,
   "FilterSchemas": false,
   "IncludeConnectionString": true,
   "ModelNamespace": null,
   "OutputContextPath": null,
   "OutputPath": "Models",
   "PreserveCasingWithRegex": true,
   "ProjectRootNamespace": "EventPlannerSampleTest",
   "Schemas": null,
   "SelectedHandlebarsLanguage": 0,
   "SelectedToBeGenerated": 0,
   "Tables": [
      {
         "Name": "bookings",
         "ObjectType": 0
      },
      {
         "Name": "clients",
         "ObjectType": 0
      },
      {
         "Name": "events",
         "ObjectType": 0
      },
      {
         "Name": "requestresponse",
         "ObjectType": 0
      },
      {
         "Name": "services",
         "ObjectType": 0
      },
      {
         "Name": "user",
         "ObjectType": 0
      },
      {
         "Name": "vendor",
         "ObjectType": 0
      }
   ],
   "UiHint": "cnn",
   "UncountableWords": null,
   "UseBoolPropertiesWithoutDefaultSql": false,
   "UseDatabaseNames": true,
   "UseDateOnlyTimeOnly": false,
   "UseDbContextSplitting": false,
   "UseFluentApiOnly": false,
   "UseHandleBars": false,
   "UseHierarchyId": false,
   "UseInflector": false,
   "UseLegacyPluralizer": false,
   "UseManyToManyEntity": false,
   "UseNoDefaultConstructor": false,
   "UseNoObjectFilter": false,
   "UseNodaTime": false,
   "UseNullableReferences": false,
   "UseSchemaFolders": false,
   "UseSpatial": false,
   "UseT4": false
}